,,,,,,,,"Total population, both sexes combined, by five-year age group (thousands)",,,,,,,,,,,,,,,,,,,,
Index,Variant,"Region, subregion, country or area *",Notes,Country code,Type,Parent code,Reference date (as of 1 July),0-4,5-9,10-14,15-19,20-24,25-29,30-34,35-39,40-44,45-49,50-54,55-59,60-64,65-69,70-74,75-79,80-84,85-89,90-94,95-99,100+
63,Estimates,WORLD,,900,World,0,2012,  662 567,  628 452,  607 756,  598 728,  612 455,  580 697,  519 199,  495 753,  476 978,  431 865,  371 393,  324 557,  260 294,  188 759,  146 117,  106 470,  65 882,  33 258,  11 538,  2 770,   339
134,Estimates,UN development groups,a,1803,Label/Separator,900,2012,...,...,...,...,...,...,...,...,...,...,...,...,...,...,...,...,...,...,...,...,...
205,Estimates,More developed regions,b,901,Development Group,1803,2012,  70 494,  67 771,  67 244,  73 053,  81 920,  85 604,  84 832,  86 126,  86 428,  88 882,  88 441,  82 532,  74 749,  59 384,  50 206,  40 871,  29 449,  17 616,  6 624,  1 681,   207
276,Estimates,Less developed regions,c,902,Development Group,1803,2012,  592 073,  560 681,  540 512,  525 675,  530 535,  495 093,  434 368,  409 627,  390 550,  342 983,  282 952,  242 025,  185 546,  129 375,  95 910,  65 599,  36 433,  15 642,  4 914,  1 089,   132
347,Estimates,Least developed countries,d,941,Development Group,902,2012,  133 230,  119 825,  107 042,  93 922,  80 331,  69 256,  58 298,  48 148,  40 280,  33 405,  26 618,  20 488,  15 915,  12 216,  8 532,  5 288,  2 734,  1 035,   261,   41,   3
418,Estimates,"Less developed regions, excluding least developed countries",e,934,Development Group,902,2012,  458 843,  440 856,  433 469,  431 754,  450 204,  425 837,  376 070,  361 480,  350 270,  309 577,  256 334,  221 536,  169 630,  117 159,  87 378,  60 311,  33 699,  14 607,  4 654,  1 047,   130
489,Estimates,"Less developed regions, excluding China",,948,Development Group,1803,2012,  504 465,  476 646,  453 552,  431 991,  406 648,  378 269,  337 458,  295 445,  260 120,  227 338,  192 897,  156 090,  117 182,  85 520,  63 139,  42 149,  23 427,  10 214,  3 176,   723,   100
560,Estimates,Land-locked Developing Countries (LLDC),f,1636,Special other,1803,2012,  67 358,  59 009,  52 993,  47 553,  41 404,  34 868,  28 618,  23 552,  19 548,  16 763,  14 112,  11 229,  8 264,  5 934,  4 494,  2 946,  1 577,   646,   156,   30,   3
631,Estimates,Small Island Developing States (SIDS),g,1637,Special other,1803,2012,  6 211,  6 062,  6 023,  5 944,  5 720,  5 372,  4 772,  4 530,  4 385,  4 149,  3 520,  2 860,  2 291,  1 714,  1 288,   905,   565,   299,   124,   38,   6
702,Estimates,World Bank income groups,,1802,Label/Separator,900,2012,...,...,...,...,...,...,...,...,...,...,...,...,...,...,...,...,...,...,...,...,...
773,Estimates,High-income countries,h,1503,Income Group,1802,2012,  71 129,  69 519,  70 659,  75 670,  79 790,  83 123,  84 857,  86 506,  86 788,  86 602,  83 098,  75 598,  69 029,  56 484,  45 316,  36 819,  27 090,  16 450,  6 580,  1 691,   211
844,Estimates,Middle-income countries,h,1517,Income Group,1802,2012,  486 973,  467 676,  457 251,  454 209,  474 753,  449 086,  394 553,  376 488,  362 933,  323 187,  270 205,  234 715,  180 208,  123 700,  94 843,  66 051,  37 002,  16 157,  4 801,  1 054,   127
915,Estimates,Upper-middle-income countries,h,1502,Income Group,1517,2012,  181 115,  173 809,  175 755,  185 425,  220 733,  212 378,  183 940,  192 658,  201 527,  181 430,  149 216,  136 279,  107 000,  71 119,  55 785,  40 492,  23 204,  10 292,  3 136,   700,   74
986,Estimates,Lower-middle-income countries,h,1501,Income Group,1517,2012,  305 858,  293 868,  281 496,  268 783,  254 021,  236 707,  210 613,  183 830,  161 406,  141 757,  120 990,  98 436,  73 208,  52 580,  39 058,  25 558,  13 798,  5 865,  1 665,   354,   54
1057,Estimates,Low-income countries,h,1500,Income Group,1802,2012,  104 226,  91 014,  79 613,  68 631,  57 713,  48 308,  39 612,  32 575,  27 064,  21 888,  17 927,  14 110,  10 953,  8 497,  5 897,  3 555,  1 761,   634,   149,   22,   1
1128,Estimates,No income group available,,1518,Income Group,1802,2012,   239,   242,   233,   218,   199,   181,   177,   184,   193,   188,   163,   134,   105,   77,   60,   45,   30,   17,   8,   2,   0
1199,Estimates,Geographic regions,i,1840,Label/Separator,900,2012,...,...,...,...,...,...,...,...,...,...,...,...,...,...,...,...,...,...,...,...,...
1270,Estimates,Africa,j,903,Region,1840,2012,  174 181,  149 325,  129 631,  113 886,  100 563,  87 562,  73 398,  60 049,  49 021,  40 457,  33 177,  26 401,  20 275,  14 882,  10 329,  6 476,  3 256,  1 159,   271,   41,   2
1341,Estimates,Asia,k,935,Region,1840,2012,  369 215,  361 645,  360 257,  361 449,  382 188,  363 232,  321 154,  315 954,  311 496,  274 763,  226 560,  198 259,  154 808,  108 237,  81 298,  56 994,  32 507,  14 427,  4 764,  1 118,   138
1412,Estimates,Europe,l,908,Region,1840,2012,  40 454,  37 840,  36 981,  40 853,  48 616,  52 373,  52 238,  52 359,  52 310,  54 192,  53 781,  49 673,  43 758,  34 095,  31 099,  25 821,  17 965,  10 439,  3 485,   797,   97
1483,Estimates,Latin America and the Caribbean,m,904,Region,1840,2012,  52 834,  54 015,  55 278,  55 307,  53 300,  50 693,  47 038,  42 576,  38 853,  35 506,  30 516,  25 297,  19 931,  14 958,  11 292,  8 034,  5 145,  2 696,  1 019,   276,   37
1554,Estimates,Northern America,n,905,Region,1840,2012,  22 632,  22 626,  22 710,  24 328,  24 858,  23 939,  22 733,  22 241,  22 815,  24 555,  25 114,  22 976,  19 791,  15 218,  11 098,  8 393,  6 450,  4 188,  1 863,   504,   62
1625,Estimates,Oceania,o,909,Region,1840,2012,  3 252,  3 002,  2 899,  2 905,  2 930,  2 898,  2 637,  2 575,  2 484,  2 392,  2 245,  1 951,  1 732,  1 368,  1 001,   752,   559,   349,   138,   33,   3
1696,Estimates,Sustainable Development Goal (SDG) regions,p,1828,Label/Separator,900,2012,...,...,...,...,...,...,...,...,...,...,...,...,...,...,...,...,...,...,...,...,...
1767,Estimates,SUB-SAHARAN AFRICA,,947,SDG region,1828,2012,  148 559,  127 506,  109 277,  93 729,  80 587,  68 782,  57 025,  46 411,  37 306,  30 113,  24 355,  19 261,  14 830,  10 967,  7 411,  4 393,  2 095,   698,   147,   19,   1
1838,Estimates,Eastern Africa,,910,Subregion,947,2012,  60 141,  53 047,  46 255,  39 482,  33 201,  27 771,  22 684,  18 239,  14 488,  11 483,  9 203,  7 286,  5 612,  4 100,  2 761,  1 724,   877,   309,   72,   10,   1
1909,Estimates,Burundi,,108,Country/Area,910,2012,  1 703,  1 357,  1 123,  1 040,   973,   797,   564,   373,   292,   266,   244,   197,   122,   76,   56,   36,   19,   7,   2,   0,   0
1980,Estimates,Comoros,,174,Country/Area,910,2012,   111,   97,   86,   77,   70,   61,   49,   40,   33,   27,   22,   17,   12,   8,   6,   4,   2,   1,   0,   0,   0
2051,Estimates,Djibouti,,262,Country/Area,910,2012,   93,   91,   91,   88,   88,   82,   73,   62,   49,   41,   33,   24,   19,   15,   10,   6,   3,   1,   0,   0,   0
2122,Estimates,Eritrea,,232,Country/Area,910,2012,   533,   455,   338,   319,   344,   302,   216,   164,   115,   93,   87,   77,   71,   57,   39,   23,   11,   4,   1,   0,   0
2193,Estimates,Ethiopia,,231,Country/Area,910,2012,  14 661,  13 534,  12 475,  10 707,  8 420,  6 866,  5 602,  4 595,  3 767,  2 920,  2 413,  1 999,  1 644,  1 279,   863,   546,   295,   110,   27,   4,   0
2264,Estimates,Kenya,,404,Country/Area,910,2012,  7 018,  6 360,  5 620,  4 746,  4 248,  3 828,  3 163,  2 508,  1 928,  1 467,  1 123,   855,   604,   371,   241,   161,   77,   23,   4,   0,   0
2335,Estimates,Madagascar,,450,Country/Area,910,2012,  3 528,  3 180,  2 863,  2 450,  2 016,  1 688,  1 449,  1 218,   991,   803,   649,   519,   362,   245,   178,   116,   60,   23,   6,   1,   0
2406,Estimates,Malawi,,454,Country/Area,910,2012,  2 730,  2 356,  2 000,  1 706,  1 460,  1 167,   927,   749,   584,   452,   354,   276,   226,   176,   117,   69,   33,   11,   2,   0,   0
2477,Estimates,Mauritius,1,480,Country/Area,910,2012,   74,   91,   96,   103,   98,   88,   99,   94,   86,   95,   89,   75,   61,   41,   26,   19,   12,   6,   2,   0,   0
2548,Estimates,Mayotte,2,175,Country/Area,910,2012,   36,   32,   27,   22,   19,   17,   15,   13,   11,   8,   6,   5,   4,   3,   2,   1,   1,   0,   0,   0,   0
2619,Estimates,Mozambique,,508,Country/Area,910,2012,  4 342,  3 818,  3 210,  2 646,  2 203,  1 863,  1 537,  1 222,   967,   776,   620,   506,   411,   310,   214,   131,   63,   20,   4,   0,   0
2690,Estimates,Réunion,2,638,Country/Area,910,2012,   69,   72,   70,   67,   63,   54,   51,   55,   64,   66,   55,   46,   35,   26,   20,   15,   9,   5,   2,   1,   0
2761,Estimates,Rwanda,,646,Country/Area,910,2012,  1 634,  1 445,  1 271,  1 117,  1 046,   942,   724,   538,   404,   399,   341,   244,   170,   115,   66,   52,   28,   9,   4,   0,   0
2832,Estimates,Seychelles,,690,Country/Area,910,2012,   8,   7,   7,   7,   7,   8,   8,   8,   7,   7,   6,   4,   2,   2,   2,   1,   1,   0,   0,   0,   0
2903,Estimates,Somalia,,706,Country/Area,910,2012,  2 370,  2 001,  1 727,  1 402,  1 072,   821,   665,   582,   497,   406,   335,   276,   215,   152,   100,   56,   27,   11,   3,   0,   0
2974,Estimates,South Sudan,,728,Country/Area,910,2012,  1 680,  1 433,  1 261,  1 099,   928,   755,   624,   524,   435,   355,   283,   216,   178,   145,   99,   58,   28,   10,   2,   0,   0
3045,Estimates,Uganda,,800,Country/Area,910,2012,  6 569,  5 598,  4 675,  3 872,  3 162,  2 538,  2 017,  1 582,  1 252,   968,   723,   549,   405,   286,   178,   108,   56,   17,   3,   0,   0
3116,Estimates,United Republic of Tanzania,3,834,Country/Area,910,2012,  8 262,  7 062,  5 792,  4 949,  4 306,  3 637,  3 039,  2 478,  1 969,  1 542,  1 202,   918,   714,   524,   342,   197,   89,   27,   4,   0,   0
3187,Estimates,Zambia,,894,Country/Area,910,2012,  2 587,  2 281,  1 925,  1 591,  1 330,  1 118,   934,   736,   540,   407,   311,   231,   173,   126,   86,   52,   25,   8,   2,   0,   0
3258,Estimates,Zimbabwe,,716,Country/Area,910,2012,  2 134,  1 776,  1 598,  1 474,  1 346,  1 141,   929,   699,   501,   384,   306,   252,   183,   146,   115,   72,   39,   15,   4,   1,   0
3329,Estimates,Middle Africa,,911,Subregion,947,2012,  25 769,  21 189,  17 444,  14 666,  12 458,  10 439,  8 566,  6 990,  5 618,  4 549,  3 651,  2 832,  2 205,  1 654,  1 138,   680,   324,   112,   25,   3,   0
3400,Estimates,Angola,,24,Country/Area,911,2012,  4 799,  3 892,  3 159,  2 644,  2 248,  1 864,  1 506,  1 243,   951,   788,   647,   447,   334,   249,   170,   103,   46,   15,   3,   1,   0
3471,Estimates,Cameroon,,120,Country/Area,911,2012,  3 620,  3 107,  2 636,  2 308,  2 055,  1 755,  1 410,  1 109,   877,   692,   543,   433,   339,   252,   176,   107,   50,   16,   3,   0,   0
3542,Estimates,Central African Republic,,140,Country/Area,911,2012,   739,   664,   581,   487,   402,   332,   268,   221,   182,   147,   119,   93,   69,   52,   39,   24,   12,   4,   1,   0,   0
3613,Estimates,Chad,,148,Country/Area,911,2012,  2 453,  2 048,  1 703,  1 404,  1 138,   912,   726,   571,   440,   350,   292,   246,   182,   130,   93,   56,   28,   10,   3,   0,   0
3684,Estimates,Congo,,178,Country/Area,911,2012,   743,   627,   524,   443,   389,   359,   330,   284,   229,   175,   128,   94,   69,   49,   33,   20,   9,   3,   0,   0,0
3755,Estimates,Democratic Republic of the Congo,,180,Country/Area,911,2012,  12 970,  10 487,  8 530,  7 095,  5 936,  4 934,  4 083,  3 375,  2 791,  2 285,  1 840,  1 455,  1 161,   883,   597,   351,   169,   61,   15,   2,   0
3826,Estimates,Equatorial Guinea,,226,Country/Area,911,2012,   160,   129,   104,   92,   99,   108,   94,   67,   50,   36,   26,   22,   16,   12,   8,   5,   2,   1,   0,   0,0
3897,Estimates,Gabon,,266,Country/Area,911,2012,   254,   207,   183,   176,   173,   160,   135,   112,   90,   68,   50,   40,   32,   26,   20,   13,   7,   2,   0,   0,0
3968,Estimates,Sao Tome and Principe,,678,Country/Area,911,2012,   30,   28,   23,   19,   17,   15,   13,   10,   8,   7,   5,   4,   3,   2,   2,   1,   1,   0,   0,   0,   0
4039,Estimates,Southern Africa,,913,Subregion,947,2012,  6 720,  5 934,  5 596,  5 763,  6 069,  5 856,  4 961,  4 128,  3 462,  2 886,  2 424,  2 001,  1 506,  1 123,   820,   523,   273,   96,   18,   2,   0
4110,Estimates,Botswana,,72,Country/Area,913,2012,   259,   238,   214,   205,   199,   192,   173,   139,   102,   77,   67,   58,   43,   31,   20,   11,   6,   3,   1,   0,   0
4181,Estimates,Eswatini,,748,Country/Area,913,2012,   153,   142,   135,   129,   108,   90,   74,   59,   46,   33,   26,   23,   20,   16,   12,   7,   4,   1,   0,   0,   0
4252,Estimates,Lesotho,,426,Country/Area,913,2012,   246,   229,   219,   218,   216,   196,   155,   110,   83,   74,   68,   59,   47,   35,   25,   18,   12,   5,   1,   0,   0
4323,Estimates,Namibia,,516,Country/Area,913,2012,   309,   257,   250,   248,   226,   189,   155,   129,   103,   84,   68,   51,   38,   30,   24,   17,   11,   5,   1,   0,   0
4394,Estimates,South Africa,,710,Country/Area,913,2012,  5 753,  5 069,  4 778,  4 962,  5 321,  5 189,  4 404,  3 689,  3 127,  2 618,  2 195,  1 811,  1 357,  1 009,   740,   470,   240,   83,   16,   2,   0
4465,Estimates,Western Africa,,914,Subregion,947,2012,  55 929,  47 336,  39 982,  33 819,  28 859,  24 716,  20 813,  17 054,  13 738,  11 196,  9 076,  7 142,  5 507,  4 089,  2 692,  1 465,   622,   181,   31,   3,   0
4536,Estimates,Benin,,204,Country/Area,914,2012,  1 637,  1 397,  1 209,  1 043,   878,   730,   607,   504,   418,   342,   272,   213,   164,   129,   91,   53,   27,   11,   3,   1,   0
4607,Estimates,Burkina Faso,,854,Country/Area,914,2012,  2 986,  2 525,  2 125,  1 790,  1 500,  1 262,  1 039,   819,   652,   519,   405,   309,   234,   177,   120,   67,   30,   10,   2,   0,   0
4678,Estimates,Cabo Verde,,132,Country/Area,914,2012,   52,   52,   52,   56,   55,   48,   39,   31,   27,   25,   19,   14,   8,   5,   7,   7,   4,   1,   0,   0,   0
4749,Estimates,Côte d'Ivoire,,384,Country/Area,914,2012,  3 458,  3 095,  2 761,  2 376,  1 981,  1 641,  1 377,  1 122,   895,   738,   617,   502,   369,   268,   185,   103,   44,   12,   2,   0,   0
4820,Estimates,Gambia,,270,Country/Area,914,2012,   338,   278,   240,   215,   183,   146,   117,   92,   76,   63,   45,   34,   29,   23,   15,   8,   4,   1,   0,   0,0
4891,Estimates,Ghana,,288,Country/Area,914,2012,  3 750,  3 321,  3 034,  2 744,  2 463,  2 141,  1 808,  1 561,  1 355,  1 134,   872,   602,   454,   334,   216,   129,   59,   18,   3,   0,   0
4962,Estimates,Guinea,,324,Country/Area,914,2012,  1 828,  1 617,  1 431,  1 227,   991,   765,   591,   466,   385,   331,   284,   242,   177,   130,   96,   57,   26,   8,   1,   0,   0
5033,Estimates,Guinea-Bissau,,624,Country/Area,914,2012,   268,   226,   195,   175,   155,   133,   105,   82,   63,   50,   42,   38,   28,   19,   12,   7,   3,   1,   0,   0,0
5104,Estimates,Liberia,,430,Country/Area,914,2012,   667,   595,   510,   419,   360,   324,   277,   228,   185,   150,   121,   96,   69,   55,   41,   24,   11,   4,   1,   0,   0
5175,Estimates,Mali,,466,Country/Area,914,2012,  3 093,  2 528,  2 028,  1 660,  1 376,  1 159,   976,   793,   607,   451,   353,   299,   231,   179,   126,   72,   35,   11,   2,   0,   0
5246,Estimates,Mauritania,,478,Country/Area,914,2012,   583,   499,   437,   387,   349,   306,   256,   209,   170,   137,   110,   84,   63,   47,   33,   21,   11,   4,   1,   0,   0
5317,Estimates,Niger,,562,Country/Area,914,2012,  3 690,  2 926,  2 326,  1 835,  1 432,  1 116,   922,   780,   640,   558,   463,   366,   289,   211,   132,   69,   30,   9,   1,   0,   0
5388,Estimates,Nigeria,,566,Country/Area,914,2012,  29 108,  24 446,  20 340,  17 032,  14 643,  12 794,  10 925,  8 946,  7 128,  5 792,  4 752,  3 765,  2 943,  2 173,  1 378,   708,   275,   71,   10,   1,   0
5459,Estimates,Senegal,,686,Country/Area,914,2012,  2 286,  1 909,  1 643,  1 443,  1 251,  1 070,   865,   682,   546,   436,   350,   286,   219,   168,   125,   76,   35,   11,   2,   0,   0
5530,Estimates,Sierra Leone,,694,Country/Area,914,2012,  1 082,   955,   830,   725,   627,   532,   438,   356,   289,   232,   183,   143,   114,   88,   59,   34,   16,   6,   1,   0,   0
5601,Estimates,Togo,,768,Country/Area,914,2012,  1 103,   968,   819,   692,   614,   549,   469,   383,   302,   237,   187,   148,   115,   84,   55,   30,   13,   4,   1,   0,0
5672,Estimates,NORTHERN AFRICA AND WESTERN ASIA,,1833,SDG region,1828,2012,  52 042,  46 017,  43 384,  42 482,  42 197,  40 782,  37 077,  31 895,  26 889,  22 836,  18 848,  15 107,  11 314,  8 128,  6 270,  4 557,  2 581,  1 046,   286,   53,   4
5743,Estimates,Northern Africa,,912,Subregion,1833,2012,  25 622,  21 819,  20 354,  20 157,  19 976,  18 781,  16 374,  13 639,  11 714,  10 344,  8 823,  7 140,  5 445,  3 915,  2 918,  2 083,  1 161,   461,   124,   22,   2
5814,Estimates,Algeria,,12,Country/Area,912,2012,  4 299,  3 163,  2 881,  3 389,  3 775,  3 728,  3 304,  2 696,  2 244,  1 931,  1 585,  1 331,   978,   699,   574,   427,   245,   99,   30,   6,   0
5885,Estimates,Egypt,,818,Country/Area,912,2012,  10 719,  9 004,  8 543,  8 270,  8 328,  7 799,  6 624,  5 422,  4 606,  4 103,  3 563,  2 827,  2 361,  1 673,  1 106,   790,   440,   180,   52,   10,   1
5956,Estimates,Libya,,434,Country/Area,912,2012,   662,   589,   558,   570,   607,   615,   607,   556,   451,   319,   212,   158,   117,   94,   76,   51,   28,   11,   3,   0,   0
6027,Estimates,Morocco,,504,Country/Area,912,2012,  3 277,  3 071,  2 979,  3 096,  3 045,  2 893,  2 574,  2 217,  2 010,  1 909,  1 745,  1 426,   946,   699,   600,   422,   234,   85,   14,   1,   0
6098,Estimates,Sudan,,729,Country/Area,912,2012,  5 692,  5 140,  4 545,  3 896,  3 196,  2 686,  2 298,  1 934,  1 640,  1 350,  1 078,   863,   671,   493,   339,   210,   108,   43,   12,   2,   0
6169,Estimates,Tunisia,,788,Country/Area,912,2012,   923,   805,   803,   890,   978,  1 011,   918,   772,   729,   705,   618,   520,   363,   252,   219,   180,   104,   42,   12,   2,   0
6240,Estimates,Western Sahara,,732,Country/Area,912,2012,   50,   47,   46,   47,   48,   49,   47,   42,   34,   27,   22,   16,   9,   5,   3,   2,   1,   0,   0,   0,0
6311,Estimates,Western Asia,,922,Subregion,1833,2012,  26 420,  24 198,  23 031,  22 326,  22 220,  22 001,  20 703,  18 257,  15 175,  12 492,  10 025,  7 967,  5 869,  4 214,  3 352,  2 474,  1 420,   585,   162,   31,   3
6382,Estimates,Armenia,,51,Country/Area,922,2012,   209,   181,   172,   216,   268,   259,   212,   175,   163,   195,   221,   178,   122,   69,   91,   80,   44,   21,   5,   2,   0
6453,Estimates,Azerbaijan,4,31,Country/Area,922,2012,   771,   645,   672,   829,   947,   892,   729,   634,   634,   686,   615,   430,   248,   143,   160,   135,   65,   24,   6,   1,   0
6524,Estimates,Bahrain,,48,Country/Area,922,2012,   99,   88,   79,   78,   115,   175,   173,   138,   113,   87,   67,   41,   20,   12,   8,   5,   3,   1,   0,   0,   0
6595,Estimates,Cyprus,5,196,Country/Area,922,2012,   65,   64,   68,   87,   103,   99,   93,   84,   77,   73,   70,   62,   54,   44,   35,   26,   17,   9,   3,   1,   0
6666,Estimates,Georgia,6,268,Country/Area,922,2012,   281,   230,   232,   273,   308,   302,   283,   272,   260,   288,   291,   258,   209,   148,   166,   135,   79,   38,   8,   1,   0
6737,Estimates,Iraq,,368,Country/Area,922,2012,  4 788,  4 288,  3 925,  3 471,  2 985,  2 533,  2 202,  1 901,  1 581,  1 138,   777,   735,   538,   378,   303,   191,   100,   41,   12,   2,   0
6808,Estimates,Israel,,376,Country/Area,922,2012,   775,   688,   635,   581,   554,   554,   550,   521,   449,   396,   369,   377,   354,   248,   179,   157,   121,   73,   28,   6,   1
6879,Estimates,Jordan,,400,Country/Area,922,2012,  1 090,  1 008,   904,   819,   743,   691,   613,   538,   460,   358,   255,   178,   138,   116,   88,   54,   26,   10,   2,   0,   0
6950,Estimates,Kuwait,,414,Country/Area,922,2012,   301,   239,   215,   199,   245,   380,   445,   400,   331,   226,   151,   98,   52,   30,   21,   12,   4,   1,   0,   0,   0
7021,Estimates,Lebanon,,422,Country/Area,922,2012,   457,   474,   518,   550,   513,   461,   430,   393,   378,   350,   276,   221,   168,   111,   93,   79,   42,   15,   5,   1,   0
7092,Estimates,Oman,,512,Country/Area,922,2012,   329,   256,   234,   269,   440,   531,   429,   312,   222,   150,   113,   82,   45,   32,   26,   14,   8,   4,   2,   1,   0
7163,Estimates,Qatar,,634,Country/Area,922,2012,   110,   96,   79,   106,   247,   372,   347,   288,   223,   149,   91,   48,   23,   8,   4,   3,   1,   1,   0,   0,   0
7234,Estimates,Saudi Arabia,,682,Country/Area,922,2012,  2 967,  2 675,  2 476,  2 531,  2 601,  2 651,  2 995,  2 939,  2 278,  1 702,  1 184,   799,   499,   327,   239,   150,   86,   40,   12,   2,   0
7305,Estimates,State of Palestine,7,275,Country/Area,922,2012,   653,   565,   532,   506,   423,   332,   274,   228,   189,   155,   113,   82,   67,   51,   35,   21,   10,   4,   1,   0,   0
7376,Estimates,Syrian Arab Republic,,760,Country/Area,922,2012,  2 712,  2 400,  2 252,  2 088,  2 015,  1 936,  1 628,  1 248,   990,   843,   682,   536,   372,   263,   201,   145,   85,   32,   9,   2,   0
7447,Estimates,Turkey,,792,Country/Area,922,2012,  6 554,  6 518,  6 619,  6 401,  6 256,  6 310,  6 096,  5 600,  4 953,  4 334,  3 771,  3 192,  2 497,  1 913,  1 502,  1 148,   668,   248,   61,   10,   1
7518,Estimates,United Arab Emirates,,784,Country/Area,922,2012,   499,   396,   340,   368,   836,  1 447,  1 618,  1 408,   979,   611,   347,   150,   68,   37,   17,   10,   6,   2,   1,   0,   0
7589,Estimates,Yemen,,887,Country/Area,922,2012,  3 760,  3 387,  3 078,  2 953,  2 621,  2 076,  1 585,  1 179,   895,   749,   633,   500,   394,   285,   186,   111,   55,   22,   6,   1,   0
7660,Estimates,CENTRAL AND SOUTHERN ASIA,,921,SDG region,1828,2012,  189 053,  187 983,  183 824,  178 063,  171 154,  159 619,  140 753,  121 998,  107 289,  94 606,  80 779,  66 374,  49 659,  35 855,  26 311,  17 026,  9 019,  3 697,  1 045,   212,   33
7731,Estimates,Central Asia,,5500,Subregion,921,2012,  7 314,  5 798,  5 544,  6 357,  6 845,  6 007,  4 914,  4 300,  3 808,  3 687,  3 274,  2 483,  1 538,   912,   916,   665,   368,   181,   42,   10,   2
7802,Estimates,Kazakhstan,,398,Country/Area,5500,2012,  1 781,  1 298,  1 084,  1 333,  1 646,  1 506,  1 268,  1 179,  1 063,  1 097,  1 003,   800,   553,   337,   367,   243,   117,   62,   12,   2,   0
7873,Estimates,Kyrgyzstan,,417,Country/Area,5500,2012,   685,   522,   500,   563,   612,   516,   395,   345,   322,   316,   274,   201,   127,   68,   68,   58,   31,   15,   4,   0,   0
7944,Estimates,Tajikistan,,762,Country/Area,5500,2012,  1 099,   856,   843,   861,   847,   712,   539,   448,   404,   370,   311,   210,   127,   77,   68,   53,   31,   14,   2,   0,   0
8015,Estimates,Turkmenistan,,795,Country/Area,5500,2012,   578,   508,   467,   526,   561,   483,   412,   357,   313,   287,   251,   191,   119,   64,   60,   47,   27,   12,   3,   1,   0
8086,Estimates,Uzbekistan,,860,Country/Area,5500,2012,  3 171,  2 614,  2 649,  3 075,  3 179,  2 790,  2 300,  1 972,  1 705,  1 616,  1 434,  1 080,   612,   366,   354,   264,   162,   78,   22,   6,   1
8157,Estimates,Southern Asia,,5501,Subregion,921,2012,  181 738,  182 185,  178 281,  171 706,  164 310,  153 612,  135 840,  117 698,  103 482,  90 918,  77 506,  63 891,  48 121,  34 943,  25 395,  16 361,  8 650,  3 516,  1 003,   202,   31
8228,Estimates,Afghanistan,,4,Country/Area,5501,2012,  5 408,  4 946,  4 320,  3 482,  2 712,  2 233,  1 851,  1 482,  1 189,   959,   763,   598,   474,   336,   209,   119,   56,   20,   5,   1,   0
8299,Estimates,Bangladesh,,50,Country/Area,5501,2012,  14 935,  15 736,  15 952,  15 359,  14 510,  13 652,  12 361,  10 568,  9 283,  8 010,  5 997,  3 968,  3 197,  2 822,  2 083,  1 359,   769,   331,   94,   17,   1
8370,Estimates,Bhutan,,64,Country/Area,5501,2012,   65,   69,   73,   78,   78,   69,   57,   45,   38,   31,   25,   20,   16,   14,   11,   7,   4,   2,   1,   0,   0
8441,Estimates,India,,356,Country/Area,5501,2012,  125 318,  127 889,  125 626,  121 297,  116 544,  109 764,  97 897,  86 178,  76 193,  67 302,  58 440,  49 675,  37 006,  25 947,  18 850,  12 093,  6 299,  2 542,   735,   158,   28
8512,Estimates,Iran (Islamic Republic of),,364,Country/Area,5501,2012,  6 511,  5 830,  5 558,  6 372,  8 133,  8 731,  7 335,  5 640,  4 866,  4 171,  3 522,  2 824,  1 990,  1 398,  1 126,   849,   454,   175,   47,   7,   1
8583,Estimates,Maldives,,462,Country/Area,5501,2012,   36,   28,   28,   40,   52,   52,   39,   29,   24,   20,   16,   10,   6,   6,   5,   4,   2,   1,   0,   0,   0
8654,Estimates,Nepal,,524,Country/Area,5501,2012,  2 931,  3 149,  3 435,  3 085,  2 379,  2 001,  1 803,  1 582,  1 413,  1 222,  1 005,   864,   704,   584,   414,   235,   124,   47,   10,   1,   0
8725,Estimates,Pakistan,,586,Country/Area,5501,2012,  24 769,  22 785,  21 641,  20 392,  18 349,  15 550,  12 883,  10 705,  9 126,  7 898,  6 510,  4 863,  3 784,  3 136,  2 289,  1 434,   762,   306,   82,   13,   1
8796,Estimates,Sri Lanka,,144,Country/Area,5501,2012,  1 764,  1 753,  1 647,  1 600,  1 552,  1 561,  1 613,  1 470,  1 351,  1 306,  1 228,  1 068,   942,   700,   407,   262,   181,   92,   29,   5,   0
8867,Estimates,EASTERN AND SOUTH-EASTERN ASIA,,1832,SDG region,1828,2012,  153 742,  149 464,  153 402,  161 060,  188 813,  181 612,  159 698,  175 699,  189 032,  167 665,  135 755,  123 918,  99 281,  68 168,  51 635,  37 494,  22 068,  10 144,  3 557,   875,   102
8938,Estimates,Eastern Asia,,906,Subregion,1832,2012,  97 462,  94 024,  97 884,  105 452,  135 830,  129 728,  110 617,  130 195,  146 754,  130 118,  103 663,  98 635,  81 409,  55 650,  42 228,  31 005,  18 350,  8 454,  3 001,   736,   80
9009,Estimates,China,8,156,Country/Area,906,2012,  86 364,  82 683,  85 227,  91 644,  121 801,  114 467,  94 274,  111 709,  128 026,  113 063,  87 526,  83 714,  66 696,  42 781,  31 914,  22 707,  12 478,  5 136,  1 628,   337,   29
9080,Estimates,"China, Hong Kong SAR",9,344,Country/Area,906,2012,   253,   239,   308,   409,   454,   520,   552,   556,   564,   629,   645,   535,   422,   261,   213,   208,   149,   83,   35,   11,   2
9151,Estimates,"China, Macao SAR",10,446,Country/Area,906,2012,   28,   19,   24,   38,   55,   59,   44,   44,   46,   50,   49,   40,   28,   14,   9,   8,   6,   3,   1,   0,   0
9222,Estimates,"China, Taiwan Province of China",11,158,Country/Area,906,2012,   964,  1 094,  1 400,  1 594,  1 576,  1 778,  2 040,  1 873,  1 794,  1 903,  1 835,  1 646,  1 218,   799,   635,   528,   373,   205,   74,   17,   2
9293,Estimates,Dem. People's Republic of Korea,,408,Country/Area,906,2012,  1 647,  1 828,  1 939,  2 010,  1 940,  1 872,  1 612,  1 954,  2 316,  1 776,  1 642,  1 091,   862,   935,   709,   408,   177,   65,   16,   2,   0
9364,Estimates,Japan,,392,Country/Area,906,2012,  5 555,  5 597,  5 855,  6 039,  6 461,  7 260,  8 006,  9 634,  9 407,  8 247,  7 719,  8 266,  9 713,  8 872,  7 123,  5 974,  4 512,  2 652,  1 141,   347,   45
9435,Estimates,Mongolia,,496,Country/Area,906,2012,   323,   235,   220,   255,   307,   285,   238,   217,   191,   170,   132,   87,   56,   41,   32,   20,   10,   4,   1,   0,   0
9506,Estimates,Republic of Korea,,410,Country/Area,906,2012,  2 329,  2 329,  2 911,  3 465,  3 236,  3 487,  3 850,  4 208,  4 411,  4 281,  4 115,  3 255,  2 414,  1 947,  1 594,  1 151,   645,   305,   105,   21,   2
9577,Estimates,South-Eastern Asia,,920,Subregion,1832,2012,  56 280,  55 440,  55 519,  55 608,  52 983,  51 885,  49 081,  45 504,  42 278,  37 547,  32 092,  25 283,  17 872,  12 517,  9 407,  6 489,  3 718,  1 691,   555,   139,   22
9648,Estimates,Brunei Darussalam,,96,Country/Area,920,2012,   32,   33,   35,   35,   37,   39,   37,   34,   31,   26,   21,   15,   9,   5,   4,   3,   1,   1,   0,   0,   0
9719,Estimates,Cambodia,,116,Country/Area,920,2012,  1 751,  1 523,  1 529,  1 674,  1 378,  1 638,  1 063,   709,   824,   740,   577,   457,   347,   235,   164,   102,   49,   16,   4,   1,   0
9790,Estimates,Indonesia,,360,Country/Area,920,2012,  23 489,  23 412,  23 349,  21 990,  20 437,  21 192,  20 863,  19 296,  17 564,  15 145,  12 604,  9 617,  6 781,  4 955,  3 679,  2 257,  1 190,   502,   114,   16,   1
9861,Estimates,Lao People's Democratic Republic,,418,Country/Area,920,2012,   796,   739,   732,   745,   681,   560,   455,   384,   322,   269,   220,   175,   130,   93,   68,   44,   23,   9,   2,   0,   0
9932,Estimates,Malaysia,12,458,Country/Area,920,2012,  2 430,  2 566,  2 764,  2 841,  2 887,  2 837,  2 329,  1 966,  1 806,  1 622,  1 420,  1 153,   902,   613,   421,   287,   145,   57,   17,   4,   0
10003,Estimates,Myanmar,,104,Country/Area,920,2012,  4 728,  5 163,  5 120,  4 799,  4 486,  4 269,  4 103,  3 803,  3 421,  2 952,  2 491,  2 087,  1 465,   974,   712,   474,   249,   91,   22,   3,   0
10074,Estimates,Philippines,,608,Country/Area,920,2012,  11 248,  10 698,  10 417,  10 032,  8 996,  7 826,  7 043,  6 298,  5 658,  4 951,  4 147,  3 287,  2 426,  1 650,  1 163,   770,   390,   155,   46,   9,   1
10145,Estimates,Singapore,,702,Country/Area,920,2012,   210,   236,   280,   375,   394,   406,   442,   474,   468,   474,   469,   406,   302,   163,   101,   81,   50,   24,   10,   3,   1
10216,Estimates,Thailand,,764,Country/Area,920,2012,  4 008,  4 164,  4 548,  4 852,  4 701,  4 787,  5 233,  5 601,  5 822,  5 568,  5 014,  4 088,  3 003,  2 207,  1 731,  1 250,   756,   353,   117,   29,   4
10287,Estimates,Timor-Leste,,626,Country/Area,920,2012,   155,   163,   149,   132,   107,   82,   56,   53,   54,   46,   38,   27,   24,   20,   14,   8,   4,   1,   0,   0,   0
10358,Estimates,Viet Nam,,704,Country/Area,920,2012,  7 434,  6 744,  6 596,  8 133,  8 879,  8 249,  7 457,  6 885,  6 310,  5 754,  5 091,  3 971,  2 483,  1 601,  1 349,  1 212,   860,   482,   223,   74,   16
10429,Estimates,LATIN AMERICA AND THE CARIBBEAN,,1830,SDG region,1828,2012,  52 834,  54 015,  55 278,  55 307,  53 300,  50 693,  47 038,  42 576,  38 853,  35 506,  30 516,  25 297,  19 931,  14 958,  11 292,  8 034,  5 145,  2 696,  1 019,   276,   37
10500,Estimates,Caribbean,,915,Subregion,1830,2012,  3 605,  3 585,  3 651,  3 638,  3 561,  3 312,  2 850,  2 778,  2 809,  2 710,  2 246,  1 830,  1 534,  1 234,   964,   682,   438,   244,   106,   33,   6
10571,Estimates,Antigua and Barbuda,,28,Country/Area,915,2012,   7,   7,   7,   8,   7,   7,   7,   7,   7,   7,   6,   4,   3,   2,   2,   1,   1,   0,   0,   0,   0
10642,Estimates,Aruba,13,533,Country/Area,915,2012,   6,   7,   7,   8,   6,   5,   6,   7,   8,   9,   9,   7,   6,   4,   3,   2,   1,   1,   0,   0,   0
10713,Estimates,Bahamas,,44,Country/Area,915,2012,   30,   32,   32,   33,   29,   27,   27,   29,   28,   26,   22,   16,   11,   9,   6,   4,   2,   1,   0,   0,   0
10784,Estimates,Barbados,,52,Country/Area,915,2012,   17,   19,   19,   19,   19,   19,   19,   20,   20,   21,   21,   18,   15,   11,   9,   7,   6,   4,   2,   1,   0
10855,Estimates,Cuba,,192,Country/Area,915,2012,   615,   630,   700,   722,   819,   777,   625,   841,  1 025,  1 053,   782,   621,   570,   480,   383,   267,   178,   105,   48,   15,   2
10926,Estimates,Curaçao,13,531,Country/Area,915,2012,   10,   11,   11,   11,   9,   8,   8,   9,   11,   13,   12,   11,   9,   7,   6,   4,   2,   1,   1,   0,   0
10997,Estimates,Dominican Republic,,214,Country/Area,915,2012,   996,   981,   985,   988,   922,   818,   732,   663,   598,   533,   459,   371,   280,   205,   159,   116,   70,   35,   14,   5,   1
11068,Estimates,Grenada,,308,Country/Area,915,2012,   9,   8,   8,   10,   10,   10,   8,   7,   6,   6,   7,   5,   4,   3,   3,   2,   1,   1,   0,   0,   0
11139,Estimates,Guadeloupe,2,312,Country/Area,915,2012,   26,   30,   31,   30,   22,   17,   20,   26,   30,   33,   30,   26,   23,   18,   14,   11,   8,   5,   2,   1,   0
11210,Estimates,Haiti,,332,Country/Area,915,2012,  1 270,  1 215,  1 156,  1 085,  1 007,   937,   766,   569,   476,   426,   357,   298,   223,   174,   136,   86,   44,   18,   6,   1,   0
11281,Estimates,Jamaica,,388,Country/Area,915,2012,   233,   237,   268,   279,   259,   235,   200,   186,   185,   169,   147,   116,   92,   74,   58,   46,   34,   18,   6,   2,   0
11352,Estimates,Martinique,2,474,Country/Area,915,2012,   21,   25,   27,   25,   22,   19,   18,   24,   30,   33,   31,   27,   23,   18,   15,   13,   9,   5,   2,   1,   0
11423,Estimates,Puerto Rico,14,630,Country/Area,915,2012,   214,   237,   252,   266,   261,   247,   245,   240,   239,   230,   222,   197,   184,   160,   121,   90,   62,   39,   20,   7,   1
11494,Estimates,Saint Lucia,,662,Country/Area,915,2012,   11,   12,   15,   17,   16,   14,   14,   13,   13,   12,   10,   8,   6,   5,   4,   3,   2,   1,   0,   0,   0
11565,Estimates,Saint Vincent and the Grenadines,,670,Country/Area,915,2012,   9,   9,   10,   10,   9,   8,   8,   7,   7,   8,   7,   5,   4,   3,   2,   2,   1,   1,   0,   0,   0
11636,Estimates,Trinidad and Tobago,,780,Country/Area,915,2012,   98,   93,   87,   93,   111,   128,   114,   96,   87,   95,   91,   74,   59,   45,   32,   20,   12,   6,   2,   1,   0
11707,Estimates,United States Virgin Islands,14,850,Country/Area,915,2012,   7,   7,   7,   7,   6,   5,   6,   6,   7,   8,   8,   7,   7,   6,   4,   3,   1,   1,   0,   0,   0
11778,Estimates,Central America,,916,Subregion,1830,2012,  16 176,  16 318,  16 212,  15 934,  14 756,  13 367,  12 246,  11 256,  9 982,  8 581,  7 202,  5 887,  4 451,  3 341,  2 506,  1 793,  1 190,   651,   265,   78,   12
11849,Estimates,Belize,,84,Country/Area,916,2012,   38,   39,   39,   36,   33,   29,   24,   22,   19,   16,   13,   9,   7,   5,   4,   3,   2,   1,   0,   0,   0
11920,Estimates,Costa Rica,,188,Country/Area,916,2012,   359,   354,   383,   414,   431,   412,   368,   318,   305,   312,   280,   216,   170,   129,   93,   66,   43,   23,   9,   3,   0
11991,Estimates,El Salvador,,222,Country/Area,916,2012,   605,   606,   677,   683,   580,   476,   428,   392,   348,   308,   264,   228,   186,   151,   125,   92,   54,   25,   8,   2,   0
12062,Estimates,Guatemala,,320,Country/Area,916,2012,  1 935,  1 976,  1 900,  1 737,  1 497,  1 288,  1 083,   855,   669,   536,   447,   389,   295,   217,   175,   134,   86,   39,   11,   2,   0
12133,Estimates,Honduras,,340,Country/Area,916,2012,  1 021,  1 046,  1 051,   965,   845,   746,   643,   528,   430,   346,   277,   224,   166,   118,   90,   67,   43,   23,   9,   2,   0
12204,Estimates,Mexico,,484,Country/Area,916,2012,  11 171,  11 297,  11 190,  11 146,  10 458,  9 560,  8 932,  8 476,  7 645,  6 582,  5 507,  4 483,  3 390,  2 542,  1 876,  1 331,   898,   505,   213,   65,   10
12275,Estimates,Nicaragua,,558,Country/Area,916,2012,   670,   643,   625,   623,   599,   556,   480,   391,   315,   262,   230,   191,   123,   89,   75,   52,   33,   17,   6,   2,   0
12346,Estimates,Panama,,591,Country/Area,916,2012,   377,   357,   347,   330,   315,   301,   288,   275,   251,   219,   184,   147,   115,   89,   68,   48,   31,   18,   8,   3,   1
12417,Estimates,South America,,931,Subregion,1830,2012,  33 053,  34 112,  35 416,  35 735,  34 982,  34 013,  31 942,  28 542,  26 062,  24 215,  21 067,  17 580,  13 946,  10 384,  7 822,  5 558,  3 517,  1 801,   648,   165,   20
12488,Estimates,Argentina,,32,Country/Area,931,2012,  3 636,  3 573,  3 502,  3 537,  3 438,  3 203,  3 163,  2 878,  2 468,  2 277,  2 110,  1 922,  1 704,  1 390,  1 076,   827,   584,   319,   118,   27,   2
12559,Estimates,Bolivia (Plurinational State of),,68,Country/Area,931,2012,  1 191,  1 176,  1 128,  1 051,   951,   843,   738,   638,   543,   460,   388,   330,   280,   229,   172,   122,   79,   40,   14,   3,   1
12630,Estimates,Brazil,,76,Country/Area,931,2012,  14 722,  15 737,  17 011,  17 241,  17 225,  17 663,  16 754,  14 801,  13 607,  12 769,  11 078,  9 106,  7 122,  5 159,  3 866,  2 665,  1 604,   806,   278,   69,   8
12701,Estimates,Chile,,152,Country/Area,931,2012,  1 247,  1 204,  1 272,  1 424,  1 462,  1 364,  1 296,  1 254,  1 225,  1 190,  1 083,   938,   739,   555,   423,   319,   228,   121,   43,   12,   2
12772,Estimates,Colombia,,170,Country/Area,931,2012,  3 692,  4 063,  4 258,  4 344,  4 139,  3 831,  3 560,  3 180,  2 989,  2 854,  2 410,  1 984,  1 557,  1 123,   828,   601,   380,   190,   72,   20,   2
12843,Estimates,Ecuador,,218,Country/Area,931,2012,  1 577,  1 547,  1 553,  1 497,  1 403,  1 290,  1 160,  1 049,   938,   809,   683,   578,   432,   326,   251,   175,   112,   60,   25,   8,   1
12914,Estimates,French Guiana,2,254,Country/Area,931,2012,   31,   28,   26,   21,   18,   17,   18,   18,   16,   13,   11,   9,   6,   4,   3,   1,   1,   1,   0,   0,   0
12985,Estimates,Guyana,,328,Country/Area,931,2012,   73,   75,   85,   85,   62,   54,   53,   50,   48,   44,   37,   29,   21,   13,   11,   7,   3,   3,   1,   0,   0
13056,Estimates,Paraguay,,600,Country/Area,931,2012,   695,   668,   687,   682,   643,   579,   477,   372,   323,   294,   256,   222,   174,   126,   93,   63,   39,   20,   7,   1,   0
13127,Estimates,Peru,,604,Country/Area,931,2012,  2 966,  2 865,  2 795,  2 828,  2 682,  2 431,  2 215,  2 029,  1 823,  1 600,  1 345,  1 116,   864,   664,   524,   380,   235,   106,   31,   6,   1
13198,Estimates,Suriname,,740,Country/Area,931,2012,   52,   52,   51,   50,   47,   43,   38,   38,   36,   35,   28,   20,   16,   12,   9,   7,   4,   2,   1,   0,   0
13269,Estimates,Uruguay,,858,Country/Area,931,2012,   235,   243,   255,   264,   256,   232,   235,   235,   210,   203,   199,   177,   154,   134,   112,   94,   72,   42,   18,   6,   1
13340,Estimates,Venezuela (Bolivarian Republic of),,862,Country/Area,931,2012,  2 936,  2 882,  2 793,  2 712,  2 657,  2 462,  2 235,  2 000,  1 834,  1 667,  1 438,  1 150,   875,   648,   455,   298,   177,   91,   38,   11,   2
13411,Estimates,AUSTRALIA/NEW ZEALAND,,927,SDG region,1828,2012,  1 854,  1 708,  1 699,  1 833,  1 985,  2 032,  1 854,  1 892,  1 897,  1 889,  1 827,  1 618,  1 487,  1 198,   887,   682,   522,   336,   135,   33,   3
13482,Estimates,Australia,15,36,Country/Area,927,2012,  1 534,  1 412,  1 402,  1 512,  1 661,  1 733,  1 583,  1 600,  1 587,  1 568,  1 522,  1 354,  1 246,  1 004,   741,   574,   441,   285,   115,   28,   3
13553,Estimates,New Zealand,16,554,Country/Area,927,2012,   320,   296,   296,   322,   325,   299,   272,   292,   310,   321,   305,   264,   241,   195,   146,   108,   82,   51,   20,   5,   0
13624,Estimates,OCEANIA (EXCLUDING AUSTRALIA AND NEW ZEALAND),,1835,SDG region,1828,2012,  1 398,  1 294,  1 200,  1 072,   944,   866,   783,   683,   587,   503,   418,   333,   244,   170,   114,   69,   37,   13,   2,   0,   0
13695,Estimates,Melanesia,,928,Subregion,1835,2012,  1 270,  1 172,  1 081,   960,   845,   779,   705,   608,   511,   434,   360,   285,   209,   146,   97,   58,   30,   10,   2,   0,   0
13766,Estimates,Fiji,,242,Country/Area,928,2012,   92,   83,   77,   79,   76,   75,   70,   57,   52,   52,   48,   36,   26,   20,   12,   7,   3,   1,   0,   0,0
13837,Estimates,New Caledonia,2,540,Country/Area,928,2012,   22,   21,   22,   20,   19,   20,   20,   21,   20,   18,   15,   12,   10,   8,   5,   3,   2,   1,   0,   0,   0
13908,Estimates,Papua New Guinea,,598,Country/Area,928,2012,  1 034,   963,   888,   779,   679,   621,   559,   479,   400,   331,   272,   218,   158,   106,   71,   43,   22,   7,   1,   0,   0
13979,Estimates,Solomon Islands,,90,Country/Area,928,2012,   84,   74,   67,   58,   48,   42,   40,   36,   28,   21,   17,   13,   10,   8,   5,   3,   2,   1,   0,   0,   0
14050,Estimates,Vanuatu,,548,Country/Area,928,2012,   37,   31,   28,   24,   23,   21,   17,   15,   12,   11,   9,   7,   5,   4,   3,   2,   1,   0,   0,   0,0
14121,Estimates,Micronesia,,954,Subregion,1835,2012,   57,   52,   52,   50,   45,   38,   33,   32,   32,   30,   26,   21,   16,   10,   6,   5,   2,   1,   0,   0,   0
14192,Estimates,Guam,14,316,Country/Area,954,2012,   14,   14,   15,   14,   13,   11,   10,   11,   11,   11,   10,   8,   7,   4,   3,   3,   1,   1,   0,   0,   0
14263,Estimates,Kiribati,,296,Country/Area,954,2012,   15,   11,   12,   11,   10,   9,   7,   6,   6,   6,   4,   3,   2,   2,   1,   1,   0,   0,   0,   0,0
14334,Estimates,Micronesia (Fed. States of),,583,Country/Area,954,2012,   12,   12,   12,   12,   10,   8,   7,   6,   6,   5,   5,   4,   3,   1,   1,   1,   0,   0,   0,   0,0
14405,Estimates,Polynesia,17,957,Subregion,1835,2012,   71,   69,   67,   62,   55,   49,   45,   44,   43,   39,   32,   27,   19,   14,   11,   7,   4,   2,   0,   0,   0
14476,Estimates,French Polynesia,2,258,Country/Area,957,2012,   21,   22,   23,   22,   23,   23,   20,   20,   21,   19,   15,   13,   9,   7,   5,   3,   2,   1,   0,   0,   0
14547,Estimates,Samoa,,882,Country/Area,957,2012,   27,   23,   21,   19,   15,   13,   12,   11,   10,   9,   8,   6,   4,   3,   3,   2,   1,   0,   0,   0,0
14618,Estimates,Tonga,,776,Country/Area,957,2012,   13,   13,   12,   11,   8,   7,   7,   6,   6,   5,   4,   3,   2,   2,   2,   1,   1,   0,   0,   0,0
14689,Estimates,EUROPE AND NORTHERN AMERICA,,1829,SDG region,1828,2012,  63 086,  60 466,  59 691,  65 181,  73 473,  76 312,  74 971,  74 600,  75 125,  78 747,  78 895,  72 649,  63 549,  49 314,  42 197,  34 214,  24 415,  14 628,  5 347,  1 301,   159
14760,Estimates,EUROPE,,917,SDG subregion,1829,2012,  40 454,  37 840,  36 981,  40 853,  48 616,  52 373,  52 238,  52 359,  52 310,  54 192,  53 781,  49 673,  43 758,  34 095,  31 099,  25 821,  17 965,  10 439,  3 485,   797,   97
14831,Estimates,Eastern Europe,,923,Subregion,917,2012,  16 714,  14 639,  13 488,  16 113,  22 090,  24 184,  23 083,  21 789,  19 335,  20 166,  22 170,  21 594,  17 344,  11 452,  11 437,  9 196,  5 851,  3 068,   719,   141,   15
14902,Estimates,Belarus,,112,Country/Area,923,2012,   548,   461,   433,   531,   717,   769,   702,   663,   634,   697,   756,   665,   521,   343,   347,   302,   201,   100,   21,   4,   0
14973,Estimates,Bulgaria,,100,Country/Area,923,2012,   372,   341,   300,   354,   463,   488,   524,   552,   512,   494,   508,   518,   530,   438,   336,   290,   198,   91,   24,   3,   0
15044,Estimates,Czechia,,203,Country/Area,923,2012,   576,   517,   444,   544,   673,   715,   866,   920,   765,   678,   673,   727,   748,   611,   406,   309,   235,   133,   38,   5,   1
15115,Estimates,Hungary,,348,Country/Area,923,2012,   470,   483,   488,   588,   620,   609,   757,   818,   719,   602,   647,   771,   657,   516,   419,   322,   208,   121,   42,   6,   1
15186,Estimates,Poland,,616,Country/Area,923,2012,  2 053,  1 818,  1 875,  2 306,  2 710,  3 126,  3 164,  2 815,  2 424,  2 347,  2 802,  2 906,  2 459,  1 603,  1 261,  1 159,   817,   431,   126,   24,   3
15257,Estimates,Republic of Moldova,18,498,Country/Area,923,2012,   226,   207,   222,   293,   394,   391,   328,   286,   251,   283,   303,   289,   193,   124,   113,   86,   56,   26,   5,   1,   0
15328,Estimates,Romania,,642,Country/Area,923,2012,  1 101,  1 039,  1 049,  1 109,  1 407,  1 338,  1 452,  1 583,  1 630,  1 268,  1 273,  1 474,  1 260,   890,   845,   746,   471,   226,   57,   9,   1
15399,Estimates,Russian Federation,,643,Country/Area,923,2012,  8 534,  7 438,  6 408,  7 606,  11 392,  12 585,  11 284,  10 424,  9 040,  10 236,  11 472,  10 623,  8 032,  4 827,  5 416,  4 321,  2 643,  1 361,   279,   66,   7
15470,Estimates,Slovakia,,703,Country/Area,923,2012,   287,   265,   271,   333,   394,   429,   462,   438,   370,   365,   388,   388,   320,   235,   174,   135,   93,   50,   15,   2,   0
15541,Estimates,Ukraine,19,804,Country/Area,923,2012,  2 548,  2 071,  1 998,  2 451,  3 319,  3 734,  3 547,  3 291,  2 989,  3 195,  3 349,  3 234,  2 625,  1 865,  2 119,  1 525,   930,   529,   112,   21,   2
15612,Estimates,Northern Europe,,924,Subregion,917,2012,  6 346,  5 747,  5 669,  6 284,  6 801,  6 874,  6 698,  6 698,  7 113,  7 323,  6 792,  5 997,  6 054,  5 292,  4 078,  3 247,  2 433,  1 521,   631,   158,   18
15683,Estimates,Channel Islands,20,830,Country/Area,924,2012,   9,   8,   8,   9,   10,   11,   11,   12,   13,   13,   12,   10,   10,   8,   6,   5,   4,   2,   1,   0,   0
15754,Estimates,Denmark,21,208,Country/Area,924,2012,   319,   327,   340,   365,   353,   315,   332,   372,   404,   414,   380,   341,   367,   334,   241,   168,   119,   76,   34,   9,   1
15825,Estimates,Estonia,,233,Country/Area,924,2012,   77,   70,   58,   67,   93,   98,   91,   93,   88,   89,   93,   89,   79,   64,   62,   51,   35,   19,   5,   1,   0
15896,Estimates,Finland,22,246,Country/Area,924,2012,   307,   293,   291,   327,   336,   343,   348,   318,   334,   373,   375,   374,   403,   319,   226,   182,   139,   86,   33,   7,   1
15967,Estimates,Iceland,,352,Country/Area,924,2012,   24,   22,   21,   24,   24,   24,   23,   22,   21,   22,   22,   20,   17,   13,   9,   8,   6,   4,   1,   0,   0
16038,Estimates,Ireland,,372,Country/Area,924,2012,   366,   326,   291,   273,   286,   352,   393,   384,   337,   304,   275,   252,   233,   182,   135,   97,   63,   38,   17,   4,   0
16109,Estimates,Latvia,,428,Country/Area,924,2012,   107,   103,   86,   110,   150,   153,   138,   141,   139,   146,   153,   138,   116,   106,   105,   82,   55,   30,   8,   2,   0
16180,Estimates,Lithuania,,440,Country/Area,924,2012,   153,   136,   155,   203,   221,   202,   189,   202,   212,   234,   235,   197,   161,   146,   142,   119,   81,   41,   12,   2,   0
16251,Estimates,Norway,23,578,Country/Area,924,2012,   315,   301,   311,   331,   332,   327,   322,   349,   376,   352,   327,   300,   298,   247,   170,   132,   104,   74,   35,   8,   1
16322,Estimates,Sweden,,752,Country/Area,924,2012,   568,   538,   481,   604,   669,   608,   580,   617,   670,   649,   600,   561,   603,   566,   418,   307,   240,   167,   76,   19,   2
16393,Estimates,United Kingdom,24,826,Country/Area,924,2012,  4 094,  3 614,  3 617,  3 962,  4 319,  4 434,  4 265,  4 179,  4 508,  4 716,  4 311,  3 709,  3 759,  3 298,  2 559,  2 091,  1 583,   982,   408,   105,   12
16464,Estimates,Southern Europe,,925,Subregion,917,2012,  7 663,  7 538,  7 569,  7 869,  8 400,  9 431,  10 912,  11 999,  12 051,  11 729,  10 793,  9 578,  8 993,  7 690,  6 772,  6 101,  4 503,  2 561,   931,   224,   27
16535,Estimates,Albania,,8,Country/Area,925,2012,   170,   189,   242,   272,   261,   211,   168,   170,   183,   202,   205,   174,   135,   112,   95,   67,   38,   15,   4,   1,   0
16606,Estimates,Bosnia and Herzegovina,,70,Country/Area,925,2012,   183,   167,   212,   235,   250,   267,   255,   252,   248,   277,   279,   259,   213,   143,   147,   117,   63,   30,   7,   1,   0
16677,Estimates,Croatia,,191,Country/Area,925,2012,   225,   201,   228,   242,   258,   285,   295,   290,   282,   301,   314,   313,   279,   209,   201,   182,   116,   55,   15,   3,   0
16748,Estimates,Greece,,300,Country/Area,925,2012,   536,   535,   541,   550,   591,   716,   795,   808,   823,   766,   722,   652,   618,   515,   499,   498,   358,   180,   61,   15,   2
16819,Estimates,Italy,,380,Country/Area,925,2012,  2 805,  2 819,  2 769,  2 861,  3 043,  3 287,  3 754,  4 499,  4 891,  4 826,  4 301,  3 751,  3 719,  3 243,  2 998,  2 635,  1 903,  1 200,   452,   108,   14
16890,Estimates,Malta,,470,Country/Area,925,2012,   21,   19,   22,   26,   30,   31,   31,   29,   26,   26,   30,   30,   30,   25,   17,   13,   9,   5,   2,   0,   0
16961,Estimates,Montenegro,,499,Country/Area,925,2012,   39,   39,   40,   43,   44,   46,   45,   42,   40,   42,   44,   43,   35,   24,   22,   19,   11,   5,   1,   0,   0
17032,Estimates,North Macedonia,,807,Country/Area,925,2012,   111,   119,   128,   147,   162,   166,   161,   150,   148,   146,   141,   136,   110,   82,   69,   52,   29,   12,   3,   0,   0
17103,Estimates,Portugal,,620,Country/Area,925,2012,   473,   516,   550,   559,   568,   632,   743,   825,   790,   766,   733,   678,   646,   568,   495,   436,   308,   164,   61,   14,   1
17174,Estimates,Serbia,25,688,Country/Area,925,2012,   465,   510,   528,   562,   616,   614,   621,   628,   597,   576,   573,   647,   622,   421,   345,   314,   200,   81,   16,   2,   0
17245,Estimates,Slovenia,,705,Country/Area,925,2012,   110,   94,   91,   98,   120,   143,   157,   152,   151,   155,   153,   156,   126,   100,   87,   74,   53,   28,   8,   1,   0
17316,Estimates,Spain,26,724,Country/Area,925,2012,  2 517,  2 321,  2 209,  2 264,  2 448,  3 023,  3 876,  4 141,  3 859,  3 633,  3 288,  2 728,  2 452,  2 241,  1 791,  1 690,  1 412,   784,   300,   77,   8
17387,Estimates,Western Europe,,926,Subregion,917,2012,  9 731,  9 916,  10 255,  10 588,  11 325,  11 884,  11 544,  11 873,  13 811,  14 974,  14 026,  12 503,  11 366,  9 662,  8 812,  7 276,  5 178,  3 289,  1 203,   274,   37
17458,Estimates,Austria,,40,Country/Area,926,2012,   392,   403,   427,   495,   536,   564,   546,   560,   671,   722,   653,   525,   455,   459,   392,   279,   213,   147,   52,   10,   1
17529,Estimates,Belgium,,56,Country/Area,926,2012,   648,   620,   610,   652,   682,   708,   722,   737,   775,   815,   795,   714,   658,   518,   434,   408,   315,   193,   68,   14,   2
17600,Estimates,France,27,250,Country/Area,926,2012,  3 963,  3 930,  3 858,  3 773,  3 844,  3 964,  3 839,  4 138,  4 402,  4 405,  4 231,  4 047,  4 035,  3 032,  2 322,  2 210,  1 793,  1 197,   453,   110,   18
17671,Estimates,Germany,,276,Country/Area,926,2012,  3 397,  3 556,  3 919,  4 155,  4 682,  5 047,  4 862,  4 755,  6 031,  7 011,  6 484,  5 580,  4 631,  4 320,  4 668,  3 588,  2 278,  1 403,   487,   106,   13
17742,Estimates,Luxembourg,,442,Country/Area,926,2012,   30,   30,   32,   32,   33,   37,   40,   40,   43,   43,   38,   32,   27,   21,   17,   15,   11,   6,   2,   1,   0
17813,Estimates,Netherlands,28,528,Country/Area,926,2012,   894,   992,  1 002,  1 020,  1 047,  1 024,   991,  1 085,  1 254,  1 309,  1 226,  1 104,  1 091,   891,   653,   519,   365,   215,   87,   20,   2
17884,Estimates,Switzerland,,756,Country/Area,926,2012,   404,   383,   404,   457,   497,   536,   541,   552,   629,   664,   593,   496,   464,   416,   323,   255,   200,   126,   52,   14,   1
17955,Estimates,NORTHERN AMERICA,,918,SDG subregion,1829,2012,  22 632,  22 626,  22 710,  24 328,  24 858,  23 939,  22 733,  22 241,  22 815,  24 555,  25 114,  22 976,  19 791,  15 218,  11 098,  8 393,  6 450,  4 188,  1 863,   504,   62
18026,Estimates,Canada,,124,Country/Area,918,2012,  1 945,  1 835,  1 911,  2 231,  2 403,  2 460,  2 398,  2 318,  2 345,  2 673,  2 736,  2 408,  2 089,  1 638,  1 186,   926,   721,   455,   190,   49,   6
18097,Estimates,United States of America,29,840,Country/Area,918,2012,  20 679,  20 783,  20 791,  22 088,  22 446,  21 470,  20 328,  19 916,  20 461,  21 870,  22 368,  20 559,  17 695,  13 575,  9 908,  7 465,  5 727,  3 732,  1 672,   455,   56